fold,prec@1,prec@3,prec@5,prec@10,rec@1,rec@3,rec@5,rec@10,f1@1,f1@3,f1@5,f1@10,map@1,map@3,map@5,map@10,auc
1,0.3584683357879235,0.3261659302896416,0.29374079528718705,0.23988708885616106,0.07846566615390393,0.20192619623170488,0.29282982989767575,0.4742785426902822,0.12254148501800854,0.2537225728422173,0.2726320207500669,0.29847886644020327,0.07846566615390393,0.15326094820537223,0.20015590637277114,0.2627186413600689,0.8502223392707813
2,0.29872361315660284,0.2501800032727868,0.22670594010800188,0.19729504172803142,0.0537688308160492,0.15000228141251556,0.2302988625359867,0.3854165696683166,0.08687895871787812,0.1912670605428982,0.21003664502976027,0.2424194807061835,0.0537688308160492,0.10749365976227855,0.13822554111593824,0.18442624346835165,0.8159868502858777
