fold,prec@1,prec@3,prec@5,prec@10,rec@1,rec@3,rec@5,rec@10,f1@1,f1@3,f1@5,f1@10,map@1,map@3,map@5,map@10,auc
1,0.23865979381443297,0.213009327442317,0.20756013745704455,0.17988217967599404,0.051105190643359104,0.12352562864580284,0.1955710126714142,0.33109189563939995,0.07874251291830822,0.15366183332932712,0.18478450884207334,0.2158075930645159,0.051105190643359104,0.09387139041961076,0.12133803193279763,0.16020639098008055,0.7972204261890549
2,0.46804123711340184,0.4034446080837833,0.3570544918998526,0.28792587137947956,0.10564209045588449,0.25246179050672746,0.36337640320642267,0.565354221176184,0.1621907128069409,0.3164659446035297,0.33160605855718217,0.3548428176199477,0.10564209045588449,0.2064846210129485,0.26247376198957845,0.3447163011084383,0.8764998072108168
